{
    "general": ["General commands for daily use. For anyone to use.", {
        "help": "Pulls up this help message.",
        "origin": "The origins of Cerpynt Clan and Asian gang summarised in two paragraphs.",
        "bio `<member>`": "Look at the biographies written by members of both Cerpynt Clan and Asian Gang. Leave `<member>` blank to view all members.",
        "snipe": "Get the last deleted message.",
        "dashboard": "Opens up the dashoard that shows mutes, warns and etc.",
        "punish": "Opens up the punishments you can get from the amount of warns you have.",
        "badwords": "Sends the list of badwords that are removed in chat."
    }],
    "fun": ["Commands used to have fun", {
        "coinflip": "Flips a coin",
        "8ball": "Ask a question and the bot will answer as truthfully as it can",
        "game": "Creates a game to be controlled by reaction controls. Currently work in progress.",
        "read": "Reads a passage/precept from the holy '57 Precepts of Z.O.T.E' from Hollow Knight. Add a number `<precept no>` to read that specific one."
        
        
    }],
    "moderator": ["Commands to moderate the server.(Only Mods can use these)", {
        "warn `<member>` `[reason]`": "Warn a member for any wrongdoings. <member> is a mention of the member in the server, [reason] is optional but can be used to say what the member did wrong.",
        "warns `<command>` `[member]`": "List of commands for <command>: *reset*. [member] is the user that the command is being used on.",
        "mute `<command>` `[member]`": "Mutes a member. Revokes the permission to talk or join in channels",
        "unmute `<command>` `[member]`": "Unmutes a member. Allows members to talk/join channel again",
        "tempmute `<command>` `[member]`": "Temporarily mutes a user. Please use seconds. Work in progress...",
        "kick `<command>` `[member]`": "Kicks a member from the server. Dont forget to mention the user `<user>`",
        "ban `<command>` `[member]`": "Bans a member from the server. Beware of using this command",
        "unban `<command>` `[member]`": "Unbans a member from the server. Requires getting user ID. (Using dev mode, right click on user)",
        "tempban `<command>` `[member]`": "Temporarily bans a member. Work in progress...",
        "clear `<command>` `[amount]`": "Clears unwanted messages. If the amiunt is undefined, the previous message will get deleted"
    }]
}