{

    "Asian Gang": {

        "akbar": "I was born in a village. We didn’t have meat and our food source was tomatoes and potatoes. I became a lover of it. I chose the name Akbar Tomato and Botato as I love food. I started to play roblox and met a girl called Jay Laiza. She was a nice woman and invited me to a family, or in this case, the Asian Gang. I am Beansauce’s assistant cook and I help him supply the rest of the clan with need. I am also very haram.",

        "jay": "Was one time playing roblos on mah phone and playing some rap games in roblos till i met this pink guy named botatoo and introduced me to Fishe and nalar become friends with em.",

        "fishe": "I have been an animal lover since I was a child. So I named myself Animalbot. I shortened this to Anibot and thus became my conquest to find friends who actually liked my name. I found this woman named Laiza in this Roblox game and we became friends. I went fishing when I was 12 and I found my interest especially in the fish species. So I became a Fish. And now I am known as Fishe, and I am a hypocrite as I also eat fish. Yes.",

        "gummy": "Born in the country Indonesia, I am siblings with BellaRoblox and CakePlayz. I also go by the name Myu the Gummy Man. I love to play gacha and Fnaf, I think I'm a purple guy secretly. Akbar hasn't noticed and has recruited me, so here I am. ",

        "nalar": "Born in the country of Indonesia, Im Akbar's first friend on Youtube. I swear Akbar has invited me to like a random group full of nerds.  I'm also a fanboy of godzilla and kaiju things. I also have 1k subscribers.",

        "giaf": "Hello retards I am a homophobic 9 year old who likes to take jokes way too fucking seriously. Sorry for the intense language. I like Krunker and this gayy ass tomato called Akbar invited me to this group full of random motherfuckers. I think the Cerpynt guys are pretty cool, Akbars just gobe horny for the gay furry porn."

    },

    "Cerpynt Clan": {

        "jxsn": "Born into a family with everything I needed but with a rule I could not keep myself in. Parents were strict, making life hard. School was hard and I became extremely introverted. Got bullied many times. I wear a mask with a smiley face to hide my ugliness and to show that I am kind of shy. But I am daring to do and try new things. Especially gaming and leading a team, overcoming my very unsocial life.",

        "snek": "Dababy was my father. He turned into a convertible car one day, so I needed a car to chase after him. So I got into this game called Rocket League and got a car. Instead of chasing after my father, I got addicted to the game and wanted to become the best. So I became what I never wanted to become. A gamer.",

        "vanix": "I was never born. I was always in the simulation. All I had was a mask, a hollow mask. I was the saviour of a thousand worlds and was crowned a king. Then the real world happened. I was properly born. I became extremely lazy and grinded that game. It has been a dream for me to either again be a part of that simulation or beat the real king, the Pantheon of Hallownest. Hollow Knight, I grind everyday.",

        "kristufa": "I never dreamed of anything. Instead in my childhood, I looked at anime girls and beat circles, singing along and having a lot of fun. That was a random music game, those days have passed. I now grind osu and I am a top 10 player in the world. Also, I really like owos and poggers.",

        "beansauce": "I was born into a family with great talent. Cooking talent. My mother served me her ‘special’ beans. I learnt this technique and used it to my advantage, to survive. I met jxsn in 2013 and we became the best of friends. Not gaming but supporting the team and known as the sixth man. I just really like food, ok?",

        "fyrebird": "I was born with music ringing in my head. I couldn’t get over Kygo, Avicii, and many other top artists of the 2010’s. So I became ready to unravel the hidden and undiscovered depths of the digital music world and to unleash and deliver ethereal sounds. Also being ready to take you through any journey in my music. From House to Color Riddim, I would never fail to slap out a banger to your track and get you fisting at the air. Today, I wish to be an inspiration by generalizing the sound of electronic dance music to a high-standard in the music industry and to get signed by a professional artist which hasn't happened but a small group did hire me to produce collaboratively, which is fun.",

        "mastermikybro": "I am a meme. Do not question the elevated one. Yes I am higher than you. I am a master. Do not question my existence. So, you are reading my bio? Fool, you fell for it! It's a trap! Well I guess I ruined your day…..to be honest, I am another sixth man. I have one thing to say to you: I'm never going to give you up, let you down, run around and hurt you..."

    }
    
}